<openerp>
	<data noupdate="1">

		<record id="group_force_cancel_pencairan" model="res.groups">
	        <field name="name">Allow Force Cancel Pencairan</field>
	        <field name="category_id" ref="base.module_category_hidden"/>
	    </record>

		<record id="group_user_uudp_user" model="res.groups">
			<field name="name">UUDP Pengajuan, Reimburse, Penyelesaian / User</field>
		</record>

		<record id="group_user_uudp_manager" model="res.groups">
			<field name="name">UUDP Pengajuan, Reimburse, Penyelesaian / Manager</field>
		</record>

		<record id="group_user_uudp_pencairan" model="res.groups">
			<field name="name">UUDP Pencairan / User</field>
		</record>

		<record id="group_manager_uudp_pencairan" model="res.groups">
			<field name="name">UUDP Pencairan / Manager</field>
		</record>	

		<record id="property_rule_uudp_user" model="ir.rule">
			<field name="name">UUDP / User</field>
			<field name="model_id" ref="model_uudp"/>
			<field name="groups" eval="[(4, ref('group_user_uudp_user'))]"/>
			<field name="perm_read" eval="1"/>
			<field name="perm_write" eval="1"/>
			<field name="perm_create" eval="1"/>
			<field name="perm_unlink" eval="1"/>
			<field name="domain_force">['|',('user_id','=',user.id),('department_id.manager_id.user_id','=',user.id)]</field>
		</record>

		<record id="property_rule_uudp_manager" model="ir.rule">
			<field name="name">UUDP / Manager</field>
			<field name="model_id" ref="model_uudp"/>
			<field name="groups" eval="[(4, ref('group_user_uudp_manager'))]"/>
			<field name="perm_read" eval="1"/>
			<field name="perm_write" eval="1"/>
			<field name="perm_create" eval="1"/>
			<field name="perm_unlink" eval="1"/>
			<field name="domain_force">['|',('user_id','=',user.id),('department_id.manager_id.user_id','=',user.id)]</field>
		</record>

		<record id="property_rule_uudp_finance" model="ir.rule">
			<field name="name">Finance UUDP Pengajuan / Reimberse / Penyelesaian</field>
			<field name="model_id" ref="model_uudp"/>
			<field name="groups" eval="[(4, ref('account.group_account_manager'))]"/>
			<field name="perm_read" eval="1"/>
			<field name="perm_write" eval="1"/>
			<field name="perm_create" eval="1"/>
			<field name="perm_unlink" eval="1"/>
			<field name="domain_force">[(1,'=',1)]</field>
		</record>

		<record id="property_rule_uudp_user_pencairan" model="ir.rule">
			<field name="name">UUDP Pencairan / User</field>
			<field name="model_id" ref="model_uudp"/>
			<field name="groups" eval="[(4, ref('group_user_uudp_pencairan'))]"/>
			<field name="perm_read" eval="1"/>
			<field name="perm_write" eval="1"/>
			<field name="perm_create" eval="1"/>
			<field name="perm_unlink" eval="1"/>
			<field name="domain_force">[(1,'=',1)]</field>
		</record>

		<record id="property_rule_uudp_user_pencairan" model="ir.rule">
			<field name="name">UUDP Pencairan / Manager</field>
			<field name="model_id" ref="model_uudp"/>
			<field name="groups" eval="[(4, ref('group_manager_uudp_pencairan'))]"/>
			<field name="perm_read" eval="1"/>
			<field name="perm_write" eval="1"/>
			<field name="perm_create" eval="1"/>
			<field name="perm_unlink" eval="1"/>
			<field name="domain_force">[(1,'=',1)]</field>
		</record>

		<record id="property_rule_uudp_hrd" model="ir.rule">
			<field name="name">UUDP HR</field>
			<field name="model_id" ref="model_uudp"/>
			<field name="groups" eval="[(4, ref('hr.group_hr_manager'))]"/>
			<field name="perm_read" eval="1"/>
			<field name="perm_write" eval="1"/>
			<field name="perm_create" eval="1"/>
			<field name="perm_unlink" eval="1"/>
			<field name="domain_force">['|',('need_driver','=',True),('department_id.manager_id.user_id','=',user.id)]</field>
		</record>

	</data>
</openerp>