<odoo noupdate="1">

	<record id="group_budget_user_department" model="res.groups">
		<field name="name">Budget / User</field>
	</record>

	<record id="group_budget_manager_department" model="res.groups">
		<field name="name">Budget / Manager</field>
		<field name="implied_ids" eval="[(4, ref('group_budget_user_department'))]"/>
	</record>

	<record id="group_budget_manager_accounting" model="res.groups">
		<field name="name">Budget / Accounting</field>
	</record>

	<record id="property_rule_budget_user_department" model="ir.rule">
		<field name="name">Budget / User</field>
		<field name="model_id" ref="model_crossovered_budget"/>
		<field name="groups" eval="[(4, ref('group_budget_user_department'))]"/>
		<field name="perm_read" eval="1"/>
		<field name="perm_write" eval="1"/>
		<field name="perm_create" eval="1"/>
		<field name="perm_unlink" eval="1"/>
		<field name="domain_force">[('user_id','=',user.id)]</field>
	</record>

	<record id="property_rule_budget_reports_user_department" model="ir.rule">
		<field name="name">Budget Reports / User</field>
		<field name="model_id" ref="model_crossovered_budget_lines"/>
		<field name="groups" eval="[(4, ref('group_budget_user_department'))]"/>
		<field name="perm_read" eval="1"/>
		<field name="perm_write" eval="0"/>
		<field name="perm_create" eval="0"/>
		<field name="perm_unlink" eval="1"/>
		<field name="domain_force">['|',('user_id','=',user.id),('department_id.manager_id.user_id','=',user.id)]</field>
	</record>

	<record id="property_rule_budget_manager_department" model="ir.rule">
		<field name="name">Budget / Manager</field>
		<field name="model_id" ref="model_crossovered_budget"/>
		<field name="groups" eval="[(4, ref('group_budget_manager_department'))]"/>
		<field name="perm_read" eval="1"/>
		<field name="perm_write" eval="1"/>
		<field name="perm_create" eval="1"/>
		<field name="perm_unlink" eval="1"/>
		<field name="domain_force">['|',('user_id','=',user.id),('department_id.manager_id.user_id','=',user.id)]</field>
	</record>

	<record id="property_rule_budget_accounting" model="ir.rule">
		<field name="name">Budget / Accounting</field>
		<field name="model_id" ref="model_crossovered_budget"/>
		<field name="groups" eval="[(4, ref('account.group_account_manager'))]"/>
		<field name="perm_read" eval="1"/>
		<field name="perm_write" eval="1"/>
		<field name="perm_create" eval="1"/>
		<field name="perm_unlink" eval="1"/>
		<field name="domain_force">[(1,'=',1)]</field>
	</record>

	<record id="property_rule_budget_lines_accounting" model="ir.rule">
		<field name="name">Budget / Accounting</field>
		<field name="model_id" ref="model_crossovered_budget_lines"/>
		<field name="groups" eval="[(4, ref('account.group_account_manager'))]"/>
		<field name="perm_read" eval="1"/>
		<field name="perm_write" eval="1"/>
		<field name="perm_create" eval="1"/>
		<field name="perm_unlink" eval="1"/>
		<field name="domain_force">[(1,'=',1)]</field>
	</record>

</odoo>