"id","name","model_id:id","group_id:id","perm_read","perm_write","perm_create","perm_unlink"
access_budget_user_analytic,access_budget_user_analytic,analytic.model_account_analytic_account,group_budget_user_department,1,0,0,0
access_budget_user_hr_department,access_budget_user_hr_department,hr.model_hr_department,group_budget_user_department,1,1,0,0
access_budget_user_budget_post,access_budget_user_budget_post,om_account_budget.model_account_budget_post,group_budget_user_department,1,0,0,0
access_budget_user_crossovered_budget,access_budget_user_crossovered_budget,om_account_budget.model_crossovered_budget,group_budget_user_department,1,1,1,1
access_budget_user_crossovered_budget_lines,access_budget_user_crossovered_budget_lines,om_account_budget.model_crossovered_budget_lines,group_budget_user_department,1,1,1,1
access_budget_user_account_account,access_budget_user_account_account,account.model_account_account,group_budget_user_department,1,0,0,0