<?xml version="1.0" encoding='UTF-8'?>
<odoo noupdate="1">

        <record model="ir.cron" id="alert_penyelesaian">
            <field name="name">Notifikasi ajuan yang belum penyelesaian</field>
            <field name="interval_number">1</field>
            <field name="interval_type">days</field>
            <field name="numbercall">-1</field>
            <field name="user_id" ref="base.user_root" />
            <field name="model_id" ref="model_uudp"/>
            <field name="nextcall" eval="(DateTime.now() + timedelta(hours=24)).strftime('%Y-%m-%d 15:00:00')" />
            <field name="active" eval="True"/>
            <field name="doall" eval="False"/>
            <field name="model" eval="'uudp'"/>
            <field name="function" eval="'alert_uudp_penyelesaian'"/>
            <field name="args" eval="'(None,)'" />
        </record>


        <record model="product.template" id="product_uudp">
            <field name="name">Uang Untuk Dipertanggungjawabkan</field>
            <field name="default_code">UUDP</field>
            <field name="can_be_expensed">True</field>
            <field name="uudp">True</field>
            <field name="type">consu</field>
            <field name="list_price">1.0</field>
            <field name="standard_price">1.0</field>
            <field name="uom_id" ref="uom.product_uom_unit"/>
            <field name="uom_po_id" ref="uom.product_uom_unit"/>
            <field name="categ_id" ref="product.cat_expense"/>
        </record>


</odoo>